timestamp,latitude,longitude,accel_x,accel_y,accel_z,gyro_z,speed_kmh
1700000000,52.3840,-1.5605,0.02,-0.01,9.81,0.001,55.0
1700000001,52.3860,-1.5580,0.15,0.05,9.83,0.012,58.5
1700000002,52.3892,-1.5540,0.08,-0.03,9.79,-0.005,62.0
1700000003,52.3925,-1.5480,0.22,0.12,9.85,0.035,64.2
1700000004,52.3955,-1.5420,-0.10,-0.08,9.80,-0.021,60.5
1700000005,52.3990,-1.5350,0.05,0.02,9.82,0.008,61.8
1700000006,52.4030,-1.5280,-0.30,0.25,9.78,0.065,52.0
1700000007,52.4070,-1.5160,0.18,-0.04,9.84,-0.010,65.0
1700000008,52.4100,-1.5050,0.03,0.01,9.81,0.002,66.5
1700000009,52.4080,-1.4920,-0.12,0.15,9.83,0.045,58.0
1700000010,52.3980,-1.5020,0.10,-0.06,9.80,-0.015,60.0
1700000011,52.3870,-1.5300,0.04,0.03,9.82,0.005,56.5
1700000012,52.3840,-1.5605,0.01,-0.01,9.81,0.001,55.0
